"Source";"Target";"Weight"
1;509;0.145411006774
1;21;0.1391766099324
1;486;0.135711709469
1;615;0.1273357994639
2;389;0.1949146132114
2;559;0.1733668947784
2;551;0.1531717708205
2;41;0.1446437573087
3;355;0.1975854978895
3;586;0.1758045864556
3;289;0.1675898309176
3;380;0.1547126748871
4;402;0.2683700196529
4;615;0.2418452965024
4;433;0.2266149729124
4;720;0.208459044842
5;106;0.4559773505087
5;527;0.4265667034585
5;526;0.3658638170007
5;93;0.3608734527922
6;16;1.0
6;528;1.0
6;529;1.0
6;630;0.0893314762528
7;377;0.1216160186969
7;701;0.1202405507767
7;289;0.1165706382991
7;615;0.1070185583293
8;533;0.256286891047
8;552;0.1996454961301
8;26;0.1837849269656
8;4;0.1655619276968
9;17;0.3482685095615
9;311;0.2044763486658
9;615;0.1913429249159
9;739;0.1900100922027
10;730;0.2009262322399
10;240;0.1337131842211
10;191;0.1229503358783
10;279;0.1078058060852
11;13;0.3408102476316
11;44;0.3405654642732
11;242;0.3213476294956
11;59;0.3011192649166
12;19;0.4629416629746
12;72;0.3940707158151
12;549;0.2785085659775
12;723;0.2120573109785
13;44;0.6550494734119
13;540;0.5411052698224
13;242;0.4508778549146
13;24;0.4221034849127
14;541;0.451695547165
14;42;0.4126081498536
14;612;0.2230987662639
14;638;0.1855827127745
15;724;0.1741958175118
15;309;0.1632750942817
15;133;0.158926791452
15;174;0.1515626574885
16;6;1.0
16;528;1.0
16;529;1.0
16;630;0.0893314762528
17;9;0.3482685095615
17;212;0.1421072842511
17;555;0.1400170183839
17;576;0.130073406316
18;668;0.1289311249275
18;332;0.1102347470438
18;17;0.107936060663
18;586;0.1051837869365
19;12;0.4629416629746
19;549;0.3873525455724
19;72;0.324648257931
19;422;0.1650448286829
20;663;0.2330877380727
20;52;0.1822332195354
20;106;0.1734619800514
20;21;0.1669929197522
21;181;0.1995159277842
21;194;0.1904744097332
21;155;0.1832372099546
21;106;0.183080136985
22;31;0.5448982117968
22;47;0.4814816919163
22;29;0.4227115591496
22;571;0.3815575142718
23;102;0.1180752053459
23;651;0.1141029816085
23;587;0.1052352943305
23;615;0.1049567290969
24;44;0.4270395070517
24;13;0.4221034849127
24;242;0.3621044186565
24;540;0.3284981973455
25;626;0.1261510733818
25;512;0.1151497191098
25;142;0.1076358125391
25;664;0.1034403976072
26;552;0.2920207436718
26;533;0.2237407543165
26;8;0.1837849269656
26;615;0.1411304591598
27;55;0.1083257827645
27;66;0.0875395494711
27;420;0.0784268563815
27;525;0.0777253752622
28;45;0.1833415700057
28;576;0.1758698081806
28;386;0.1373806207649
28;50;0.1349814891678
29;22;0.4227115591496
29;31;0.2277268813585
29;57;0.1995375516573
29;755;0.1718847487236
30;559;0.3950228365914
30;560;0.2761251963724
30;41;0.2613071812277
30;278;0.136288787388
31;47;0.587515110893
31;571;0.5691926242937
31;22;0.5448982117968
31;57;0.3846304943485
32;381;0.2014778535623
32;409;0.1960322645591
32;77;0.1874338310469
32;351;0.1796238409672
33;49;0.3267552986495
33;59;0.2753891049697
33;242;0.2434860555982
33;44;0.2382917011426
34;652;0.2173663752018
34;75;0.1843533453333
34;110;0.1722940536496
34;239;0.1401056323422
35;564;0.5375077284157
35;51;0.3873827346998
35;223;0.3660861681724
35;52;0.3569769472671
36;615;0.219299402962
36;311;0.1473357607157
36;614;0.1460292288509
36;402;0.1422481542697
37;335;0.3423154917565
37;62;0.3182833227888
37;115;0.2863196693793
37;56;0.2806077862296
38;691;0.2254227228771
38;712;0.2070540069311
38;669;0.1590149715305
38;552;0.1557507860177
39;286;0.3436592830149
39;469;0.3093142331004
39;256;0.2965630628175
39;331;0.2669501045053
40;53;0.4337614786795
40;544;0.2790477116785
40;22;0.2614832495894
40;47;0.2232829060925
41;560;0.536402398374
41;559;0.2942850973614
41;30;0.2613071812277
41;582;0.1771726891502
42;541;0.665944297587
42;14;0.4126081498536
42;612;0.2475395926753
42;673;0.1496336271254
43;567;0.558325023851
43;48;0.3966949832411
43;115;0.3047563809675
43;88;0.2858523682259
44;13;0.6550494734119
44;540;0.5013399678001
44;242;0.4795578850263
44;24;0.4270395070517
45;386;0.197426808195
45;28;0.1833415700057
45;532;0.180487126588
45;92;0.1591717693716
46;335;0.2970262759065
46;37;0.2221098776634
46;56;0.2189080864469
46;134;0.2149118689682
47;31;0.587515110893
47;571;0.578786453886
47;57;0.4986019278514
47;22;0.4814816919163
48;567;0.4826418006238
48;43;0.3966949832411
48;67;0.3712701525613
48;115;0.2972444823918
49;33;0.3267552986495
49;59;0.2748953490579
49;44;0.2669216304964
49;13;0.2266720154399
50;556;0.4992988882806
50;576;0.4000288398551
50;574;0.2727368598257
50;60;0.1473849429773
51;564;0.3993402322159
51;35;0.3873827346998
51;106;0.3711348262805
51;114;0.3259116375373
52;35;0.3569769472671
52;223;0.3482671201782
52;51;0.3255000338837
52;525;0.3026514011553
53;40;0.4337614786795
53;22;0.2028358904583
53;544;0.1666788862497
53;57;0.161049253704
54;80;0.2644270889818
54;91;0.2572166204706
54;111;0.2448187853925
54;128;0.2392889567927
55;134;0.5891174030647
55;66;0.5690345235706
55;254;0.5005468050332
55;78;0.4517814700875
56;76;0.4168503651244
56;335;0.3926290443448
56;115;0.3912895909639
56;134;0.3785594333794
57;47;0.4986019278514
57;571;0.4255529749327
57;31;0.3846304943485
57;755;0.3624353425753
58;110;0.5580617672687
58;126;0.5304770830322
58;137;0.3942975351486
58;140;0.2799698642512
59;11;0.3011192649166
59;33;0.2753891049697
59;49;0.2748953490579
59;44;0.2460102261776
60;576;0.1947202452559
60;50;0.1473849429773
60;574;0.1340928708835
60;555;0.118736734259
61;611;0.3610424599377
61;62;0.3310704630359
61;579;0.2859082120151
61;121;0.2739426352379
62;89;0.547919346994
62;686;0.5178627030865
62;99;0.4914159137885
62;579;0.4806084763003
63;585;0.3865299651535
63;665;0.1483554772638
63;642;0.1385982007066
63;335;0.1316372505372
64;754;0.495271670308
64;73;0.472678901257
64;589;0.4331605446831
64;473;0.2410033897527
65;86;0.2481678713986
65;103;0.2434072094168
65;92;0.2337594563528
65;591;0.1793375162641
66;55;0.5690345235706
66;98;0.5627780586936
66;254;0.5521281168183
66;134;0.5372346449202
67;62;0.413509103059
67;48;0.3712701525613
67;76;0.3370022552792
67;643;0.3306711821682
68;669;0.2987715999002
68;364;0.2570627464905
68;271;0.2402017115178
68;576;0.1974887623785
69;518;0.3039814642395
69;101;0.1439320938871
69;580;0.1021755088009
69;583;0.095761318305
70;623;0.1341850920705
70;520;0.1198742042591
70;249;0.1140755164632
70;459;0.1114274773613
71;192;0.5636999973111
71;99;0.5413199015318
71;150;0.5188684871935
71;89;0.5168668579018
72;12;0.3940707158151
72;549;0.3420958253879
72;19;0.324648257931
72;723;0.2434725896772
73;754;0.4775123412046
73;64;0.472678901257
73;479;0.3543460566921
73;589;0.3449701034767
74;593;0.1729526463075
74;120;0.1712954198489
74;91;0.149210569688
74;80;0.1406167167808
75;87;0.5026900967614
75;66;0.4777777565478
75;62;0.4376080243996
75;77;0.4090751224303
76;98;0.5030896954076
76;568;0.4235908914513
76;115;0.4183313102249
76;56;0.4168503651244
77;66;0.513429518477
77;55;0.4161557746159
77;62;0.4129213986416
77;75;0.4090751224303
78;134;0.5214126899475
78;55;0.4517814700875
78;66;0.4315476117014
78;90;0.4178211001441
79;286;0.3728333509659
79;155;0.2769722948967
79;725;0.2660076352973
79;469;0.2653311056839
80;120;0.5619482063416
80;91;0.5524627242742
80;593;0.5436428679691
80;54;0.2644270889818
81;95;0.2817250674296
81;594;0.2719793140863
81;139;0.2537058915592
81;667;0.2272446854973
82;93;0.3953102143429
82;106;0.2982558925641
82;433;0.2670701618616
82;723;0.2564651785338
83;66;0.3618649372307
83;98;0.3470060193539
83;254;0.3411559189786
83;62;0.315032098456
84;94;0.5398150504633
84;101;0.5223789051191
84;125;0.4168220324395
84;132;0.3692532459385
85;96;0.4039260170066
85;479;0.3970326285392
85;599;0.2729984622468
85;326;0.2492861294752
86;103;0.3248617786401
86;65;0.2481678713986
86;92;0.2349266495515
86;591;0.1061790565216
87;75;0.5026900967614
87;66;0.4777842937895
87;77;0.4018800234104
87;62;0.3593175566226
88;115;0.4648712281689
88;117;0.460102925521
88;134;0.383217060874
88;108;0.3693403571081
89;99;0.8395538887114
89;192;0.6162710707241
89;178;0.5961052711207
89;62;0.547919346994
90;134;0.4960500724504
90;78;0.4178211001441
90;55;0.38835233867
90;62;0.3466926121734
91;120;0.6802639178246
91;593;0.6196446257746
91;80;0.5524627242742
91;128;0.2804118278823
92;103;0.3158511669485
92;386;0.2640018417785
92;532;0.2595763656415
92;119;0.2417257027341
93;82;0.3953102143429
93;127;0.3634457757855
93;5;0.3608734527922
93;106;0.3505340870983
94;84;0.5398150504633
94;101;0.4295337250234
94;125;0.3812021429814
94;132;0.3307390191123
95;667;0.6523455806466
95;224;0.4859027811382
95;594;0.3429977711603
95;81;0.2817250674296
96;479;0.4092956677832
96;85;0.4039260170066
96;113;0.354841268435
96;73;0.1936490933574
97;631;0.5851876196799
97;145;0.4516839088721
97;172;0.4503623002123
97;184;0.4261151496435
98;66;0.5627780586936
98;134;0.5032309393228
98;76;0.5030896954076
98;568;0.4987837099158
99;89;0.8395538887114
99;192;0.6714795302232
99;178;0.6188741552196
99;204;0.5459617332707
100;56;0.31959384896
100;115;0.2842776080184
100;609;0.2829353681369
100;76;0.2796285676786
101;84;0.5223789051191
101;125;0.4858441764059
101;119;0.4324426459561
101;94;0.4295337250234
102;598;0.1495248768864
102;615;0.1258936021193
102;23;0.1180752053459
102;651;0.1161780385614
103;86;0.3248617786401
103;92;0.3158511669485
103;65;0.2434072094168
103;386;0.1491218832803
104;291;0.3102227367573
104;206;0.2937929390756
104;154;0.2839870348379
104;255;0.2649668140497
105;139;0.6050664746998
105;112;0.5578350743862
105;555;0.2097184256301
105;594;0.1921963709745
106;156;0.4582756872244
106;5;0.4559773505087
106;114;0.4088876525759
106;526;0.398902624686
107;467;0.3745987920348
107;600;0.3600741367949
107;159;0.3033256950504
107;465;0.2389101447055
108;88;0.3693403571081
108;115;0.3540873982603
108;335;0.3499642233255
108;131;0.3441615055159
109;118;0.6491228532655
109;508;0.0930543432672
109;426;0.0893004242317
109;702;0.0868605381341
110;58;0.5580617672687
110;126;0.3996336698873
110;140;0.2556720008027
110;137;0.2410309506131
111;128;0.6953370461113
111;129;0.4363527756146
111;605;0.4010603259797
111;124;0.3801346372455
112;105;0.5578350743862
112;139;0.5456793846602
112;555;0.2000517357277
112;594;0.1509395256665
113;96;0.354841268435
113;674;0.125072259113
113;310;0.1217933774483
113;64;0.1197278172252
114;628;0.4996721029967
114;156;0.4690251835622
114;106;0.4088876525759
114;526;0.3469312068121
115;134;0.5132375388387
115;88;0.4648712281689
115;117;0.4315803763321
115;568;0.431218249171
116;288;0.4530856422863
116;297;0.4459419308182
116;750;0.2425835415509
116;276;0.2370874920285
117;88;0.460102925521
117;115;0.4315803763321
117;568;0.3779483912367
117;134;0.3765502945119
118;109;0.6491228532655
118;508;0.1159372208142
118;702;0.1153811691375
118;437;0.1062633851532
119;125;0.4626182651776
119;101;0.4324426459561
119;84;0.3316136766003
119;132;0.3278770987082
120;593;0.7269058109998
120;91;0.6802639178246
120;80;0.5619482063416
120;555;0.2679884990101
121;143;0.4259677895118
121;62;0.3661508938957
121;134;0.3496142228728
121;163;0.3492344753197
122;214;1.0
122;226;0.6020048167667
122;76;0.3874421976651
122;56;0.2884367727782
123;89;0.3478870328858
123;178;0.3407896678805
123;99;0.3247717745077
123;192;0.2988532370563
124;129;0.3991917148779
124;128;0.3925032519798
124;111;0.3801346372455
124;605;0.2315486166533
125;132;0.5231702745437
125;101;0.4858441764059
125;119;0.4626182651776
125;84;0.4168220324395
126;58;0.5304770830322
126;110;0.3996336698873
126;137;0.37904133812
126;152;0.2799261742535
127;93;0.3634457757855
127;106;0.3351256017702
127;5;0.3090866624759
127;527;0.2635872604783
128;111;0.6953370461113
128;129;0.393952017462
128;124;0.3925032519798
128;91;0.2804118278823
129;111;0.4363527756146
129;124;0.3991917148779
129;128;0.393952017462
129;605;0.3868254643373
130;135;0.613311166869
130;157;0.443389416036
130;659;0.2997668467935
130;178;0.2748917812198
131;115;0.3501238031085
131;108;0.3441615055159
131;134;0.2882072080622
131;88;0.2777999189278
132;125;0.5231702745437
132;84;0.3692532459385
132;101;0.3528086929301
132;94;0.3307390191123
133;159;0.3501401177438
133;146;0.2972861081451
133;467;0.2875529241152
133;187;0.2708480611822
134;55;0.5891174030647
134;66;0.5372346449202
134;78;0.5214126899475
134;115;0.5132375388387
135;130;0.613311166869
135;157;0.5011741804583
135;659;0.4077601747722
135;150;0.3407662542553
136;127;0.2053386193756
136;608;0.1944408163315
136;5;0.1768517307347
136;724;0.1742642369017
137;140;0.4341188199211
137;58;0.3942975351486
137;126;0.37904133812
137;152;0.3597485359391
138;154;0.6764570615148
138;182;0.4885828026513
138;255;0.3329414266755
138;291;0.2852594689528
139;105;0.6050664746998
139;112;0.5456793846602
139;81;0.2537058915592
139;95;0.2353364748329
140;625;0.5069364777336
140;225;0.500382831093
140;152;0.4512467035366
140;137;0.4341188199211
141;117;0.2499193505347
141;608;0.2398042689164
141;115;0.2044661062533
141;106;0.2003645598337
142;626;0.6164219198166
142;512;0.5472915486339
142;169;0.4669701596822
142;294;0.4030775939319
143;121;0.4259677895118
143;147;0.4003835048221
143;163;0.397201936209
143;758;0.3631863515674
144;156;0.3868032224245
144;114;0.3105997755387
144;106;0.2694661336329
144;52;0.183729624389
145;97;0.4516839088721
145;172;0.4117250926155
145;631;0.4067910213564
145;184;0.3289465843524
146;133;0.2972861081451
146;159;0.2253228622619
146;174;0.2185698261184
146;148;0.1684007946881
147;568;0.4626491894593
147;134;0.4605260971707
147;98;0.4594080305326
147;55;0.4466798099494
148;177;0.3469049441176
148;160;0.3355069863757
148;632;0.3060376824715
148;504;0.2441213483371
149;161;0.5607058722032
149;189;0.3751550897402
149;704;0.2750792938538
149;456;0.2430052977334
150;192;0.6653358924689
150;204;0.6295824947359
150;178;0.5472134520061
150;180;0.5434918749289
151;55;0.293750913898
151;66;0.2764684501243
151;134;0.2717150650471
151;78;0.2393628307655
152;140;0.4512467035366
152;625;0.4201995880446
152;225;0.3714027241155
152;137;0.3597485359391
153;115;0.1416237743843
153;167;0.1341489926722
153;617;0.1330459692384
153;117;0.128308851076
154;138;0.6764570615148
154;182;0.61831800302
154;255;0.4168478700494
154;291;0.3845741906523
155;181;0.5336883815753
155;194;0.4330279775761
155;205;0.4309229526424
155;286;0.357955991047
156;114;0.4690251835622
156;106;0.4582756872244
156;144;0.3868032224245
156;628;0.3096691177623
157;135;0.5011741804583
157;150;0.4822311687469
157;192;0.4553298149741
157;658;0.4486436315349
158;55;0.4122423216724
158;525;0.3685030221211
158;185;0.3554032916095
158;134;0.326947695687
159;467;0.4746850990764
159;174;0.4657707371731
159;476;0.4088042419491
159;133;0.3501401177438
160;148;0.3355069863757
160;177;0.3228792219466
160;504;0.3156859262535
160;632;0.2701751565905
161;149;0.5607058722032
161;189;0.476574371633
161;704;0.417455773511
161;344;0.3938715616838
162;658;0.3959729117759
162;173;0.3154999125164
162;192;0.2944742254646
162;150;0.2893778651913
163;686;0.4874436481816
163;62;0.4340916252738
163;89;0.4315113082793
163;192;0.4187504232004
164;171;0.5393201381894
164;183;0.4837422837153
164;188;0.4132631675136
164;175;0.3447521529324
165;254;0.1408287007391
165;245;0.1273521710714
165;232;0.1195386427836
165;287;0.1173636012187
166;649;0.3931865313876
166;241;0.2978242604347
166;717;0.2810034032922
166;199;0.2810034032922
167;62;0.4320576703271
167;642;0.417164920961
167;469;0.3455859133776
167;686;0.33419445243
168;216;0.5537530718353
168;176;0.5509218129551
168;173;0.5453261785241
168;659;0.5370825095337
169;512;0.5614918106313
169;294;0.5325124592259
169;626;0.4944247779673
169;142;0.4669701596822
170;656;0.4877251702664
170;662;0.3441955848899
170;272;0.2953428375035
170;291;0.2729249115174
171;164;0.5393201381894
171;183;0.5371461848499
171;188;0.4687750878981
171;175;0.3591167622869
172;631;0.4920311987401
172;184;0.4565210847817
172;97;0.4503623002123
172;145;0.4117250926155
173;216;0.5886901910825
173;658;0.5489134811934
173;168;0.5453261785241
173;150;0.5299430949296
174;159;0.4657707371731
174;467;0.3679499107825
174;187;0.3293756285145
174;133;0.2497059592888
175;183;0.543844428529
175;188;0.4571914044016
175;171;0.3591167622869
175;164;0.3447521529324
176;168;0.5509218129551
176;190;0.4854786513003
176;659;0.4824079777763
176;173;0.4559237751509
177;244;0.3938790333456
177;240;0.3877681064596
177;252;0.3771335035765
177;259;0.3761982863496
178;99;0.6188741552196
178;192;0.5991735264785
178;89;0.5961052711207
178;150;0.5472134520061
179;613;0.1081373894924
179;41;0.0955704707052
179;560;0.0902788112088
179;2;0.0861129494985
180;216;0.615096738851
180;192;0.5525465122482
180;150;0.5434918749289
180;178;0.5276228768624
181;155;0.5336883815753
181;205;0.4342253427766
181;194;0.3778475345763
181;758;0.3545791750155
182;154;0.61831800302
182;138;0.4885828026513
182;255;0.4882891412447
182;291;0.4129576014932
183;188;0.5942754683507
183;175;0.543844428529
183;171;0.5371461848499
183;164;0.4837422837153
184;172;0.4565210847817
184;631;0.4320675069099
184;97;0.4261151496435
184;145;0.3289465843524
185;202;0.5469546498678
185;525;0.5383441945971
185;577;0.3642228803975
185;223;0.363053355381
186;200;0.582236414522
186;658;0.3676641774464
186;157;0.2706329011941
186;173;0.2563341251777
187;467;0.4271897561723
187;739;0.4003030951161
187;599;0.3684496349679
187;476;0.3473332603472
188;183;0.5942754683507
188;171;0.4687750878981
188;175;0.4571914044016
188;164;0.4132631675136
189;161;0.476574371633
189;704;0.46228026133
189;412;0.4008388261677
189;149;0.3751550897402
190;659;0.6993668276784
190;168;0.5067957361185
190;176;0.4854786513003
190;173;0.4689970688084
191;244;0.5913047748712
191;240;0.4811085913811
191;262;0.3779902730452
191;268;0.3753757628108
192;99;0.6714795302232
192;204;0.6706494157462
192;150;0.6653358924689
192;89;0.6162710707241
193;240;0.3856271813295
193;293;0.3766025085287
193;262;0.2991184153153
193;258;0.279304652225
194;205;0.6402168595344
194;155;0.4330279775761
194;181;0.3778475345763
194;207;0.3685016110108
195;164;0.3332355683251
195;183;0.322931070833
195;220;0.2970800340615
195;188;0.2940804153242
196;209;0.306632710711
196;629;0.2953857794487
196;221;0.2741747462357
196;208;0.2184542801387
197;227;0.2901149718804
197;255;0.2603469696327
197;206;0.2333082018708
197;670;0.2294340355514
198;210;0.2617358339782
198;52;0.1937834584216
198;719;0.1915601362665
198;463;0.182041780497
199;717;1.0
199;649;0.4474957181518
199;241;0.4403071578764
199;166;0.2810034032922
200;186;0.582236414522
200;658;0.3003780175815
200;157;0.2407997572444
200;192;0.2295250826691
201;347;0.4479041736092
201;71;0.3418211879608
201;99;0.3317972174864
201;192;0.3314054278002
202;185;0.5469546498678
202;525;0.4657548590876
202;223;0.357116787609
202;228;0.3397212304076
203;272;0.3616773064816
203;597;0.2712294356635
203;227;0.2565950544735
203;654;0.2442654765377
204;192;0.6706494157462
204;150;0.6295824947359
204;658;0.5461815907583
204;99;0.5459617332707
205;194;0.6402168595344
205;286;0.4589300320013
205;207;0.4515720353751
205;181;0.4342253427766
206;255;0.65290342928
206;291;0.6077331948454
206;218;0.5584292155518
206;215;0.5276678449436
207;205;0.4515720353751
207;194;0.3685016110108
207;331;0.3084839145455
207;469;0.2990192041187
208;231;0.6886616031009
208;209;0.2355914167991
208;196;0.2184542801387
208;629;0.1194103112794
209;221;0.410240760023
209;196;0.306632710711
209;629;0.2626822038066
209;208;0.2355914167991
210;469;0.2942603095734
210;198;0.2617358339782
210;525;0.242180829763
210;371;0.2370725904676
211;199;0.2790840684708
211;717;0.2790840684708
211;673;0.177768156692
211;630;0.1715000842893
212;183;0.2906902927649
212;164;0.2547302068561
212;195;0.251674092003
212;171;0.2415899998436
213;205;0.2480318592932
213;155;0.2111608490618
213;286;0.2105823548733
213;194;0.1972661792312
214;122;1.0
214;226;0.6020048167667
214;76;0.3874421976651
214;56;0.2884367727782
215;255;0.677982517122
215;227;0.5971436028642
215;291;0.5333715882642
215;670;0.5300679781266
216;180;0.615096738851
216;650;0.5995217305505
216;173;0.5886901910825
216;168;0.5537530718353
217;438;0.2140235816021
217;579;0.1886458139989
217;229;0.1819681593371
217;173;0.1788029315033
218;206;0.5584292155518
218;255;0.3620634259001
218;291;0.3362613523394
218;229;0.3040839766124
219;207;0.2584408210497
219;486;0.1085573165524
219;509;0.1079160094785
219;370;0.0939253912044
220;183;0.3407476089855
220;164;0.3060717230379
220;188;0.3008652037228
220;175;0.2978284159985
221;209;0.410240760023
221;629;0.3004415835761
221;196;0.2741747462357
221;172;0.153034533754
222;196;0.1842297173584
222;172;0.11503779616
222;221;0.1129425517536
222;732;0.1078004676064
223;228;0.7539026633882
223;234;0.5049837977576
223;663;0.4157982238855
223;525;0.4092062434618
224;95;0.4859027811382
224;667;0.4641125572098
224;594;0.2643212806985
224;139;0.2277256206137
225;140;0.500382831093
225;625;0.3997295675196
225;152;0.3714027241155
225;236;0.3679364002759
226;122;0.6020048167667
226;214;0.6020048167667
226;76;0.3928827297483
226;88;0.3083683977518
227;255;0.6322774657806
227;215;0.5971436028642
227;257;0.5516401118215
227;621;0.5101859676399
228;223;0.7539026633882
228;234;0.4831477062178
228;663;0.3772881205186
228;202;0.3397212304076
229;670;0.6323159972596
229;291;0.4656828458674
229;206;0.4535888866236
229;287;0.4500232707353
230;239;0.4951212118827
230;255;0.4769056916468
230;621;0.4672773810825
230;291;0.4569569089046
231;208;0.6886616031009
231;209;0.2190549306578
231;196;0.1716558414475
231;629;0.1693258945208
232;645;0.190015837588
232;689;0.1580349330717
232;106;0.140591620895
232;77;0.1402226347635
233;506;0.1480232215191
233;715;0.1455105906663
233;190;0.1444986080829
233;372;0.1433705929664
234;223;0.5049837977576
234;228;0.4831477062178
234;663;0.4495885837571
234;202;0.3071003165758
235;140;0.3054462790353
235;225;0.2931628609422
235;236;0.2793004218574
235;625;0.2441548455374
236;140;0.4066048086587
236;225;0.3679364002759
236;152;0.3517838953065
236;235;0.2793004218574
237;525;0.2562562225242
237;223;0.247168957237
237;228;0.2393297377446
237;35;0.2137832304457
238;155;0.2180563002975
238;194;0.2131993679731
238;448;0.2093192517136
238;205;0.2087845454443
239;230;0.4951212118827
239;621;0.2790785027242
239;291;0.2313124835086
239;662;0.1814719661448
240;262;0.6118331042717
240;258;0.5255648913386
240;191;0.4811085913811
240;268;0.4719093118486
241;199;0.4403071578764
241;717;0.4403071578764
241;649;0.3811556873816
241;328;0.3235500673249
242;44;0.4795578850263
242;13;0.4508778549146
242;261;0.3671872372199
242;24;0.3621044186565
243;241;0.236615577499
243;166;0.1988950324244
243;240;0.1866751688393
243;673;0.175872433439
244;191;0.5913047748712
244;240;0.4503855935534
244;262;0.396284648053
244;177;0.3938790333456
245;99;0.3757614327351
245;89;0.3612104721833
245;192;0.3492705959532
245;62;0.3266727395761
246;286;0.2935914001734
246;205;0.2789905880624
246;469;0.253280184842
246;448;0.2483920255992
247;256;0.4546115417655
247;397;0.3456797725888
247;371;0.3438155328314
247;435;0.3429043880192
248;255;0.5963266475709
248;257;0.526399978896
248;206;0.4771823134239
248;227;0.4754566850174
249;260;0.4201980443537
249;258;0.2736186348227
249;284;0.2664682290287
249;293;0.1980918384299
250;265;0.7674368490679
250;296;0.7007604015793
250;266;0.5954908878346
250;277;0.5923958545424
251;291;0.1510784404899
251;230;0.1391817841455
251;621;0.1354427010699
251;154;0.1305917995639
252;240;0.4018844266687
252;262;0.3788453466466
252;177;0.3771335035765
252;269;0.3238674340022
253;618;0.2898943553567
253;635;0.1489252494465
253;246;0.1374556754808
253;729;0.1261407680486
254;66;0.5521281168183
254;55;0.5005468050332
254;134;0.4261924082812
254;98;0.4073205074006
255;215;0.677982517122
255;206;0.65290342928
255;227;0.6322774657806
255;257;0.6184077323146
256;247;0.4546115417655
256;469;0.3959746878446
256;286;0.368198381168
256;714;0.3669244340221
257;255;0.6184077323146
257;227;0.5516401118215
257;248;0.526399978896
257;215;0.4979646858794
258;293;0.529744230527
258;240;0.5255648913386
258;262;0.4768543343264
258;191;0.3668233177618
259;240;0.385432148474
259;177;0.3761982863496
259;284;0.3058741559377
259;244;0.2739517837411
260;249;0.4201980443537
260;269;0.2205834604031
260;258;0.2192111394243
260;252;0.2088561497693
261;242;0.3671872372199
261;44;0.2960349117728
261;13;0.2339361328347
261;11;0.2292899393054
262;240;0.6118331042717
262;258;0.4768543343264
262;268;0.4180687348182
262;244;0.396284648053
263;287;0.478962607413
263;683;0.4740643633617
263;670;0.351795249665
263;283;0.3434856728557
264;448;0.3255689451116
264;256;0.3245772911827
264;286;0.3143797109569
264;155;0.3064837589049
265;250;0.7674368490679
265;266;0.6943864832595
265;296;0.6867478509135
265;624;0.5920181340871
266;265;0.6943864832595
266;624;0.6023969450068
266;296;0.5965175426556
266;250;0.5954908878346
267;335;0.1440020631601
267;688;0.1436957245051
267;601;0.1293915948461
267;167;0.1281097296162
268;240;0.4719093118486
268;262;0.4180687348182
268;191;0.3753757628108
268;244;0.3702362656029
269;252;0.3238674340022
269;240;0.2579139566944
269;258;0.2445858319148
269;262;0.2376540601089
270;669;0.1768541150028
270;304;0.1336748856
270;668;0.1157467724048
270;576;0.1031427873572
271;287;0.3544287724509
271;670;0.3299401187215
271;263;0.3159637021298
271;283;0.2928283852838
272;597;0.3680200620904
272;203;0.3616773064816
272;227;0.3210087830551
272;255;0.3027149117646
273;615;0.0889287443486
273;732;0.0825673683934
273;336;0.0798521702455
273;241;0.078949393541
274;678;0.4353171736548
274;291;0.3638282376502
274;206;0.3294496175038
274;215;0.3267147625348
275;279;0.2884352864993
275;240;0.1806368521275
275;177;0.1696844296006
275;671;0.1605631350169
276;300;0.2908768817421
276;288;0.2503895509436
276;116;0.2370874920285
276;615;0.1680995255634
277;282;0.6518007012061
277;342;0.6384909064265
277;295;0.6326486742096
277;290;0.6085179129064
278;244;0.2127915556326
278;258;0.212549307903
278;191;0.1674093408037
278;240;0.1536295393885
279;275;0.2884352864993
279;671;0.2330864193925
279;683;0.1714796616425
279;287;0.1690013105005
280;287;0.3353514475252
280;283;0.3300714228499
280;670;0.3087826369041
280;229;0.2653860199489
281;304;0.2061274992661
281;270;0.0662980563936
281;49;0.0611202728703
281;598;0.0582051266362
282;277;0.6518007012061
282;290;0.6022286583686
282;295;0.5329552946592
282;319;0.5183581575334
283;670;0.3717109520167
283;328;0.3710374951417
283;287;0.3568147028892
283;263;0.3434856728557
284;258;0.338606898828
284;259;0.3058741559377
284;293;0.2894936597377
284;240;0.2743695938516
285;319;0.5654732655017
285;295;0.5582646137349
285;675;0.5280793755855
285;624;0.5020584137109
286;205;0.4589300320013
286;79;0.3728333509659
286;256;0.368198381168
286;155;0.357955991047
287;683;0.5297266897564
287;670;0.5047159198554
287;255;0.4802771950519
287;263;0.478962607413
288;116;0.4530856422863
288;297;0.3208168934375
288;750;0.3003055147782
288;509;0.2724285543666
289;615;0.1914082835763
289;311;0.1781651432692
289;532;0.1757008945159
289;9;0.1750401633935
290;321;0.6177580545063
290;296;0.6173656715119
290;277;0.6085179129064
290;282;0.6022286583686
291;206;0.6077331948454
291;678;0.594427587086
291;255;0.5834216111622
291;621;0.5794669997635
292;553;0.0867679914428
292;548;0.0819422877456
292;586;0.0809085974111
292;289;0.0757444327016
293;258;0.529744230527
293;240;0.4321357433221
293;193;0.3766025085287
293;262;0.3388789926842
294;512;0.5607198190845
294;169;0.5325124592259
294;626;0.4703251061738
294;333;0.4445533655063
295;319;0.6546008293387
295;277;0.6326486742096
295;303;0.6135223876162
295;265;0.5685462314859
296;250;0.7007604015793
296;321;0.6885119128707
296;265;0.6867478509135
296;290;0.6173656715119
297;116;0.4459419308182
297;326;0.334017489436
297;288;0.3208168934375
297;313;0.2682347753161
298;306;0.5468376996392
298;635;0.4016237490345
298;630;0.3233088469657
298;283;0.2862646173977
299;307;0.4166714541775
299;309;0.2133677881149
299;40;0.0932398608194
299;9;0.0760715976758
300;276;0.2908768817421
300;615;0.1465404299548
300;241;0.140803629904
300;289;0.1310420863043
301;317;0.2055890550394
301;721;0.1682442471038
301;389;0.154700671694
301;365;0.1544635996285
302;311;0.4490598440616
302;357;0.3527376620068
302;679;0.283740834702
302;701;0.2342575567623
303;295;0.6135223876162
303;319;0.5381695289024
303;266;0.5138562311521
303;265;0.5134729770801
304;281;0.2061274992661
304;669;0.1751561981406
304;364;0.1412097414021
304;576;0.137907312366
305;325;0.5045442881397
305;338;0.4974847349364
305;352;0.3817222563202
305;398;0.3762620329638
306;298;0.5468376996392
306;635;0.3806718949594
306;328;0.2800690743071
306;283;0.2657594280961
307;299;0.4166714541775
307;386;0.1720622911038
307;532;0.1562090226066
307;309;0.154810492327
308;315;0.3609690439561
308;705;0.354808772877
308;327;0.3186822557036
308;716;0.312417271336
309;724;0.2261745305297
309;299;0.2133677881149
309;615;0.1910042473956
309;311;0.1721427454128
310;688;0.1896901641001
310;309;0.140941593628
310;600;0.1283165828675
310;743;0.123782704215
311;302;0.4490598440616
311;357;0.4148215006383
311;679;0.2991243819385
311;615;0.2946282842803
312;479;0.1382841463038
312;598;0.1170472738952
312;96;0.1161571034095
312;541;0.1137436012257
313;326;0.5335659610514
313;297;0.2682347753161
313;73;0.2551119123411
313;85;0.1989437086341
314;324;0.3929857280565
314;712;0.2381574131101
314;633;0.2097899195038
314;691;0.1963879401909
315;327;0.5536829623283
315;331;0.4574186624351
315;719;0.3779441232043
315;308;0.3609690439561
316;339;0.6483016978875
316;309;0.1433844061756
316;32;0.1253733360802
316;347;0.1209456307548
317;340;0.2911423472522
317;721;0.2520168142518
317;364;0.2394443709687
317;389;0.2074959957833
318;689;0.3587937292761
318;341;0.340841925605
318;329;0.3356082093524
318;192;0.2400021038749
319;295;0.6546008293387
319;675;0.6137783175277
319;296;0.5893281572036
319;277;0.5834365039717
320;309;0.1234541801132
320;8;0.1171593758979
320;439;0.1143390952826
320;552;0.1123448447301
321;296;0.6885119128707
321;290;0.6177580545063
321;250;0.5715875033893
321;265;0.5234212613144
322;161;0.2615832417469
322;149;0.2403469769149
322;685;0.2157451256959
322;641;0.2112856220119
323;115;0.3202346204367
323;134;0.2976222527
323;88;0.2812600456145
323;335;0.2733043646316
324;314;0.3929857280565
324;691;0.3394705542553
324;672;0.1758902017295
324;602;0.1694078686455
325;338;0.5906412073296
325;349;0.5801241945326
325;351;0.5367543496348
325;305;0.5045442881397
326;313;0.5335659610514
326;297;0.334017489436
326;85;0.2492861294752
326;599;0.2332369726385
327;315;0.5536829623283
327;331;0.482478138789
327;705;0.4408457407276
327;405;0.4186661263148
328;229;0.4204054755537
328;291;0.4153640382263
328;283;0.3710374951417
328;670;0.3580909656764
329;341;0.419994604715
329;318;0.3356082093524
329;201;0.329578119549
329;347;0.302032349717
330;365;0.1731473050018
330;317;0.1637033637417
330;340;0.1444013216569
330;353;0.1442849904344
331;407;0.4824995632147
331;327;0.482478138789
331;315;0.4574186624351
331;350;0.4195173373372
332;311;0.1990204579533
332;701;0.1921636531916
332;615;0.1863349102717
332;302;0.1832625940635
333;512;0.4739333055736
333;294;0.4445533655063
333;626;0.4434011249352
333;142;0.3748318828044
334;666;0.2912000583047
334;694;0.2912000583047
334;603;0.1504022207982
334;73;0.107363933957
335;56;0.3926290443448
335;77;0.38006565917
335;115;0.3617607618896
335;76;0.3545379761191
336;566;0.2304579992332
336;20;0.1531490886852
336;661;0.1416369848629
336;660;0.1399927202469
337;700;0.4159190161499
337;379;0.3371872744618
337;710;0.2245052261493
337;361;0.2011085984879
338;325;0.5906412073296
338;387;0.5184300693901
338;305;0.4974847349364
338;352;0.4937947503775
339;316;0.6483016978875
339;386;0.1495110880636
339;309;0.1381991578734
339;391;0.1279395028512
340;364;0.6116408775068
340;317;0.2911423472522
340;376;0.2607244028351
340;721;0.2556967517925
341;329;0.419994604715
341;689;0.3609594971855
341;318;0.340841925605
341;216;0.3299027413006
342;277;0.6384909064265
342;296;0.5884048736076
342;319;0.5725853105576
342;265;0.5312561781877
343;380;0.2514868256647
343;327;0.1475580351463
343;308;0.1299921689921
343;705;0.1273848211672
344;356;0.4959200173397
344;161;0.3938715616838
344;369;0.376671917435
344;704;0.3635973495069
345;311;0.2933303898487
345;627;0.2638975148728
345;357;0.2369929804937
345;302;0.2186252939314
346;362;0.6608950992394
346;359;0.4720485968023
346;711;0.3526232790488
346;708;0.3192907698241
347;178;0.4489599151133
347;201;0.4479041736092
347;99;0.4289532844584
347;192;0.4259285529656
348;709;0.5446684973536
348;388;0.5078132352958
348;360;0.4661361069497
348;718;0.4480752411908
349;325;0.5801241945326
349;351;0.5279800166766
349;352;0.4755471310234
349;409;0.455059610924
350;331;0.4195173373372
350;719;0.3243848666257
350;315;0.3172382684481
350;385;0.3050868061768
351;352;0.6067960222453
351;398;0.5521846345359
351;325;0.5367543496348
351;387;0.5356823095654
352;387;0.6433293736722
352;351;0.6067960222453
352;391;0.5313278915016
352;398;0.5141641233967
353;365;0.3285240403955
353;696;0.1903883438899
353;721;0.1847492762875
353;340;0.1817941051532
354;296;0.5012549436493
354;265;0.4952118464508
354;250;0.4605780066461
354;624;0.4383067863401
355;3;0.1975854978895
355;615;0.1975793672136
355;311;0.1822203556629
355;345;0.1807873768764
356;344;0.4959200173397
356;704;0.3783909380468
356;161;0.3307612984656
356;369;0.3134282388809
357;311;0.4148215006383
357;302;0.3527376620068
357;679;0.2481924855775
357;615;0.2432164954169
358;327;0.4120681553604
358;382;0.390981816778
358;405;0.3789940793071
358;706;0.3541420908066
359;346;0.4720485968023
359;708;0.4273987912406
359;370;0.3438488400247
359;362;0.3139276996816
360;709;0.5028947290536
360;718;0.4844780211087
360;388;0.4707442997908
360;348;0.4661361069497
361;710;0.6428948468724
361;718;0.5546362010519
361;348;0.4445920068469
361;726;0.4261538386436
362;346;0.6608950992394
362;359;0.3139276996816
362;708;0.2775158470454
362;711;0.2495139643731
363;426;0.4625627880104
363;492;0.4325489317344
363;505;0.4305149787837
363;500;0.385477815831
364;340;0.6116408775068
364;376;0.3820512172734
364;721;0.2968165243183
364;669;0.2680962023062
365;353;0.3285240403955
365;377;0.2798723214808
365;389;0.2623174853479
365;317;0.18867989186
366;712;0.7911235969318
366;379;0.4995291158074
366;672;0.2457178515062
366;593;0.1825652930007
367;501;0.174301125041
367;485;0.1652009168466
367;52;0.1552378512109
367;453;0.1515091643759
368;382;0.5616096295961
368;383;0.4421810306771
368;706;0.4220931916512
368;405;0.3575582681098
369;412;0.5126063397751
369;344;0.376671917435
369;704;0.3722485950934
369;381;0.3622091389477
370;331;0.3893747105968
370;359;0.3438488400247
370;327;0.3335419714826
370;719;0.3098568749366
371;469;0.4472495085027
371;385;0.4423021347302
371;407;0.4399407245264
371;435;0.392005770716
372;396;0.7051177611401
372;406;0.6211611889498
372;715;0.5943164508403
372;291;0.2377656503631
373;384;0.5713579478153
373;361;0.3786597556423
373;726;0.3562718573976
373;710;0.3459521554867
374;190;0.2150850866617
374;722;0.2049452874531
374;390;0.1892358429747
374;164;0.1831354321714
375;747;0.3017539582299
375;746;0.2668609591206
375;500;0.2580785965994
375;492;0.2545531172386
376;364;0.3820512172734
376;340;0.2607244028351
376;721;0.2377999477885
376;389;0.1893276017056
377;365;0.2798723214808
377;386;0.1748832106143
377;400;0.1690356380107
377;532;0.1642795282131
378;352;0.3609876328539
378;723;0.3356796214316
378;409;0.3268343268154
378;402;0.3188724696573
379;712;0.5300679764253
379;366;0.4995291158074
379;337;0.3371872744618
379;672;0.2118666994466
380;393;0.3900421650047
380;386;0.2740149184681
380;705;0.2569183945283
380;343;0.2514868256647
381;394;0.7025426347209
381;425;0.5820485090729
381;446;0.4990438702323
381;456;0.4577625808415
382;383;0.5952711869803
382;368;0.5616096295961
382;405;0.4946662796406
382;719;0.4559871991475
383;405;0.6079699680603
383;382;0.5952711869803
383;719;0.5886468427228
383;368;0.4421810306771
384;373;0.5713579478153
384;361;0.2700791327229
384;710;0.231333026216
384;285;0.2018227473186
385;407;0.4680334514558
385;371;0.4423021347302
385;331;0.4154464891018
385;397;0.365290054676
386;646;0.3183302089929
386;532;0.3013160207229
386;421;0.2963316725695
386;401;0.2910595881073
387;352;0.6433293736722
387;391;0.5740682554773
387;398;0.5724559920676
387;723;0.5515378312144
388;348;0.5078132352958
388;360;0.4707442997908
388;709;0.4539345855245
388;718;0.3563448887766
389;365;0.2623174853479
389;317;0.2074959957833
389;2;0.1949146132114
389;376;0.1893276017056
390;722;0.4121664299715
390;401;0.3666221936981
390;410;0.3014327352398
390;374;0.1892358429747
391;723;0.6646664838283
391;398;0.5790174047773
391;387;0.5740682554773
391;352;0.5313278915016
392;424;0.3323279719773
392;736;0.3199699439162
392;760;0.3199699439162
392;403;0.3144261829133
393;380;0.3900421650047
393;386;0.2833695871148
393;646;0.2804498149387
393;705;0.2477001925005
394;381;0.7025426347209
394;425;0.6247674077835
394;446;0.5112887965322
394;456;0.411545485934
395;726;0.435076325296
395;718;0.377471700472
395;360;0.3735327830319
395;727;0.3599931681399
396;372;0.7051177611401
396;406;0.6429932824008
396;715;0.4186673301636
396;678;0.2646820183988
397;728;0.407584066427
397;385;0.365290054676
397;407;0.3550968530211
397;247;0.3456797725888
398;391;0.5790174047773
398;387;0.5724559920676
398;351;0.5521846345359
398;432;0.5515211560314
399;408;0.2840261936687
399;734;0.2645927770866
399;306;0.247486500783
399;635;0.245544348203
400;386;0.213988716942
400;365;0.1795719787248
400;377;0.1690356380107
400;380;0.1663890813076
401;722;0.5659744379605
401;390;0.3666221936981
401;386;0.2910595881073
401;410;0.2488652207713
402;351;0.4714513420811
402;422;0.4519154154959
402;729;0.4439146068934
402;387;0.4190357945586
403;416;0.3149912358806
403;392;0.3144261829133
403;736;0.3075846268465
403;760;0.3075846268465
404;415;0.5764726528625
404;436;0.4780926542903
404;453;0.4670376076728
404;454;0.4403263314123
405;383;0.6079699680603
405;382;0.4946662796406
405;719;0.4472017811886
405;705;0.4230451187237
406;396;0.6429932824008
406;372;0.6211611889498
406;715;0.4403119958511
406;291;0.2580099268786
407;331;0.4824995632147
407;385;0.4680334514558
407;371;0.4399407245264
407;397;0.3550968530211
408;418;0.4055505703144
408;439;0.3903022892952
408;399;0.2840261936687
408;642;0.2535916704074
409;391;0.5209302192677
409;351;0.5149273331571
409;352;0.4801670658192
409;723;0.4640865204421
410;722;0.3704770443921
410;390;0.3014327352398
410;401;0.2488652207713
410;374;0.1582499944828
411;431;0.3581562521429
411;735;0.3311014693256
411;432;0.3163040375476
411;481;0.2891069143626
412;369;0.5126063397751
412;435;0.5119621826147
412;704;0.4526023659005
412;189;0.4008388261677
413;424;0.5249475084643
413;447;0.3585448421915
413;745;0.3212287894691
413;464;0.2956303528028
414;453;0.4913078790273
414;454;0.4885042749627
414;415;0.4221283859061
414;404;0.4085668322709
415;436;0.5899477814628
415;404;0.5764726528625
415;454;0.5271840248049
415;453;0.4785415887753
416;424;0.3605136671998
416;736;0.3198131445364
416;760;0.3198131445364
416;403;0.3149912358806
417;427;0.5284742686039
417;95;0.2187448979204
417;81;0.2013421878702
417;594;0.198617197631
418;408;0.4055505703144
418;439;0.3525576226847
418;55;0.2414400655906
418;734;0.2399451307701
419;745;0.34483498467
419;424;0.3142691109184
419;750;0.2687292586571
419;484;0.2607438325848
420;734;0.356908377198
420;439;0.2525635517065
420;418;0.1867982733151
420;408;0.1800296407399
421;450;0.5124953562132
421;440;0.4919571147155
421;430;0.4605633434085
421;391;0.4449072006301
422;433;0.6281079544265
422;731;0.6121528096761
422;398;0.4525477010512
422;402;0.4519154154959
423;435;0.3373948317879
423;387;0.3242584450695
423;412;0.3212763182565
423;305;0.2991851040905
424;413;0.5249475084643
424;745;0.4249692670625
424;484;0.3930780462317
424;736;0.3878443612244
425;446;0.701510439808
425;394;0.6247674077835
425;381;0.5820485090729
425;456;0.4884336924184
426;429;0.5274213865103
426;492;0.5109708302382
426;363;0.4625627880104
426;745;0.4362022193436
427;417;0.5284742686039
427;95;0.2294955742849
427;594;0.2182544425813
427;667;0.1903301934804
428;9;0.1806836848303
428;17;0.1285726725103
428;555;0.1263698271411
428;732;0.1260101822962
429;426;0.5274213865103
429;510;0.4991923060849
429;492;0.4925117044646
429;507;0.4837260133673
430;440;0.5269131350661
430;461;0.4980748334397
430;421;0.4605633434085
430;441;0.4501162329517
431;411;0.3581562521429
431;735;0.2745987034917
431;441;0.2452625892235
431;440;0.2269582737071
432;398;0.5515211560314
432;723;0.5046126898872
432;450;0.4847962030723
432;391;0.4639346201812
433;422;0.6281079544265
433;731;0.5463434465846
433;445;0.5348858688214
433;457;0.4209720161482
434;352;0.381707244189
434;391;0.381579107029
434;450;0.3636912566595
434;421;0.353714008728
435;412;0.5119621826147
435;371;0.392005770716
435;351;0.3868444570155
435;461;0.3593919831807
436;415;0.5899477814628
436;404;0.4780926542903
436;454;0.4662532061932
436;453;0.4114671819044
437;655;0.4340857064044
437;426;0.3783638640128
437;505;0.3753506684133
437;363;0.361798736692
438;397;0.295744763053
438;728;0.2779694867543
438;469;0.273531158519
438;458;0.2663510261879
439;408;0.3903022892952
439;734;0.3756620292593
439;418;0.3525576226847
439;420;0.2525635517065
440;441;0.5638906902538
440;430;0.5269131350661
440;421;0.4919571147155
440;450;0.4646351732351
441;440;0.5638906902538
441;461;0.5613606344731
441;351;0.4981749999643
441;430;0.4501162329517
442;464;0.6352505138597
442;483;0.6063799494155
442;473;0.6024598023078
442;474;0.5592399055337
443;452;0.5266472101542
443;472;0.5172677178247
443;737;0.3924244872979
443;738;0.3829395243629
444;465;0.5137047803699
444;739;0.3536811405638
444;599;0.3299857156233
444;467;0.2868497671615
445;433;0.5348858688214
445;422;0.4153788516145
445;731;0.3245970140118
445;457;0.2984275776165
446;425;0.701510439808
446;394;0.5112887965322
446;381;0.4990438702323
446;456;0.4949438047632
447;413;0.3585448421915
447;363;0.2658560932518
447;638;0.2520925165898
447;745;0.2341372107706
448;469;0.4546047890166
448;459;0.3829572316351
448;728;0.360825375859
448;371;0.3471508731469
449;439;0.2000877216247
449;471;0.1985555565849
449;460;0.1947821710415
449;52;0.1739416268967
450;391;0.5156816694958
450;421;0.5124953562132
450;723;0.5001032555661
450;432;0.4847962030723
451;463;0.3748722681674
451;469;0.3304994818785
451;459;0.3289108581312
451;167;0.2871404641146
452;443;0.5266472101542
452;472;0.4772810060264
452;737;0.3005124521516
452;738;0.2628865061019
453;454;0.5574049080809
453;414;0.4913078790273
453;415;0.4785415887753
453;485;0.4704085809922
454;453;0.5574049080809
454;415;0.5271840248049
454;414;0.4885042749627
454;436;0.4662532061932
455;738;0.4142653408807
455;737;0.3431101883716
455;462;0.2997235417143
455;433;0.290948839148
456;446;0.4949438047632
456;425;0.4884336924184
456;495;0.4635640661139
456;381;0.4577625808415
457;470;0.5405132228248
457;433;0.4209720161482
457;422;0.3614140640784
457;731;0.341207042091
458;438;0.2663510261879
458;536;0.2597261906289
458;217;0.1740312686124
458;226;0.1436111934995
459;448;0.3829572316351
459;451;0.3289108581312
459;469;0.3103431533405
459;167;0.2957667744639
460;471;0.2683862291081
460;223;0.2091120199622
460;449;0.1947821710415
460;525;0.1895719605219
461;441;0.5613606344731
461;430;0.4980748334397
461;351;0.4399106520779
461;440;0.426754469027
462;433;0.4038816792877
462;422;0.3858478630905
462;731;0.3590812023174
462;738;0.3156643972443
463;451;0.3748722681674
463;106;0.3362883202995
463;628;0.332380707016
463;469;0.3217962704452
464;442;0.6352505138597
464;483;0.5289670601935
464;473;0.5175972257487
464;474;0.462862219942
465;444;0.5137047803699
465;739;0.3623486788454
465;467;0.3298684897465
465;599;0.3086855986505
466;485;0.5686050095497
466;749;0.5159406256048
466;501;0.4789483462836
466;484;0.4480599293723
467;159;0.4746850990764
467;476;0.468238875207
467;739;0.4549457083691
467;187;0.4271897561723
468;177;0.1959043898869
468;463;0.1933277768498
468;108;0.1696529033288
468;635;0.1588483968194
469;448;0.4546047890166
469;371;0.4472495085027
469;256;0.3959746878446
469;714;0.3725879754706
470;457;0.5405132228248
470;481;0.3560918192451
470;740;0.3552894789713
470;448;0.344531663084
471;460;0.2683862291081
471;449;0.1985555565849
471;617;0.1180536047433
471;439;0.0898757036751
472;737;0.5372123752757
472;443;0.5172677178247
472;452;0.4772810060264
472;738;0.3919749089522
473;442;0.6024598023078
473;483;0.5859476709046
473;494;0.5616522473305
473;464;0.5175972257487
474;442;0.5592399055337
474;483;0.4755115479374
474;494;0.4718489355554
474;464;0.462862219942
475;509;0.3829481112352
475;486;0.3801129648493
475;484;0.3356481333705
475;429;0.3089282930179
476;467;0.468238875207
476;159;0.4088042419491
476;739;0.3872966379264
476;187;0.3473332603472
477;503;0.3780986811021
477;489;0.3568037514584
477;456;0.3386662911268
477;425;0.3331834006539
478;615;0.125032366833
478;633;0.1184970723955
478;9;0.1152097220232
478;345;0.1147832809266
479;96;0.4092956677832
479;85;0.3970326285392
479;73;0.3543460566921
479;754;0.2664199265386
480;752;0.2681419270133
480;504;0.2618431076699
480;259;0.2230550699085
480;177;0.2116075010379
481;740;0.6049531255874
481;490;0.4896903239359
481;338;0.4092817116019
481;422;0.388430785445
482;649;0.1611206206527
482;736;0.1357017129176
482;760;0.1357017129176
482;717;0.1332080669137
483;442;0.6063799494155
483;473;0.5859476709046
483;464;0.5289670601935
483;474;0.4755115479374
484;745;0.4803185511485
484;509;0.4692211167862
484;466;0.4480599293723
484;486;0.4470729996352
485;749;0.6038453481968
485;501;0.583916950636
485;466;0.5686050095497
485;493;0.5493929789348
486;509;0.5114853778619
486;484;0.4470729996352
486;454;0.4325994314128
486;475;0.3801129648493
487;744;0.1099032442519
487;274;0.1012084396075
487;303;0.0913930122696
487;624;0.0870801640998
488;495;0.5964434377386
488;503;0.55157761969
488;744;0.5147829086223
488;456;0.4511764704517
489;477;0.3568037514584
489;503;0.2898130477092
489;488;0.1989599286893
489;402;0.1957869028754
490;481;0.4896903239359
490;740;0.4303544894612
490;737;0.3934142382475
490;738;0.3544707841673
491;638;0.3721782992676
491;500;0.315027173656
491;746;0.2920595034831
491;655;0.2728717625443
492;507;0.532335976247
492;426;0.5109708302382
492;429;0.4925117044646
492;510;0.480332275275
493;501;0.5733102644664
493;485;0.5493929789348
493;749;0.4662897030315
493;453;0.3699416670811
494;473;0.5616522473305
494;442;0.5471230077911
494;474;0.4718489355554
494;483;0.4514150217356
495;488;0.5964434377386
495;503;0.5486302756068
495;456;0.4635640661139
495;744;0.4569208885026
496;479;0.1307172045494
496;96;0.1275540935088
496;465;0.1242823089223
496;17;0.1223307169505
497;506;0.3405983016333
497;490;0.2494734191783
497;452;0.2314584492564
497;558;0.1795807487333
498;745;0.3824897643112
498;424;0.2948011521937
498;426;0.2833392049969
498;484;0.2459489987103
499;747;0.6095161798369
499;746;0.55232908365
499;491;0.2550275717
499;375;0.2423672938321
500;363;0.385477815831
500;429;0.3430267474982
500;492;0.3240413973844
500;426;0.3201165762038
501;485;0.583916950636
501;493;0.5733102644664
501;749;0.5453387948304
501;466;0.4789483462836
502;488;0.3479894178497
502;503;0.3301873660195
502;456;0.3034411591522
502;495;0.2791731866374
503;744;0.636220671702
503;488;0.55157761969
503;495;0.5486302756068
503;456;0.3966826905275
504;752;0.6339532185373
504;160;0.3156859262535
504;480;0.2618431076699
504;177;0.2472655376444
505;753;0.4705310471835
505;655;0.4540591729397
505;363;0.4305149787837
505;754;0.4100451165396
506;497;0.3405983016333
506;490;0.2136308067698
506;233;0.1480232215191
506;452;0.1464235423561
507;510;0.6782505154662
507;492;0.532335976247
507;429;0.4837260133673
507;426;0.4175848124331
508;426;0.3513255166799
508;437;0.3457488772007
508;363;0.3366113486285
508;492;0.3239990777144
509;486;0.5114853778619
509;484;0.4692211167862
509;404;0.4383569798303
509;485;0.4364113419724
510;507;0.6782505154662
510;429;0.4991923060849
510;492;0.480332275275
510;426;0.4293262821947
511;615;0.1687544555953
511;92;0.1524872080935
511;119;0.1517157157674
511;311;0.1420042314669
512;626;0.6124688108969
512;169;0.5614918106313
512;294;0.5607198190845
512;142;0.5472915486339
513;41;0.1138206604583
513;270;0.1018137624353
513;560;0.0910667686649
513;311;0.0872200684659
514;326;0.0512900128885
514;612;0.0506088645247
514;52;0.0466625165496
514;607;0.0462693740803
515;111;0.212640476152
515;584;0.2086220746797
515;605;0.1881247042336
515;128;0.1706629844111
516;626;0.2124527663623
516;142;0.1923767854446
516;333;0.1657584319012
516;512;0.1529375805907
517;448;0.2620570688812
517;459;0.2336576296671
517;451;0.2294057785412
517;641;0.2266557931611
518;69;0.3039814642395
518;386;0.1991888864045
518;532;0.1989388613543
518;92;0.1885516778031
519;308;0.110013547343
519;589;0.1091594248868
519;615;0.1054937598419
519;438;0.1054197374539
520;623;0.2845876193932
520;581;0.1515154050157
520;269;0.1221919805313
520;70;0.1198742042591
521;469;0.3110965945548
521;167;0.2931586134533
521;371;0.2719881862825
521;256;0.2671427101777
522;423;0.2570918254115
522;386;0.2294950878899
522;414;0.2174640003897
522;421;0.2167370219527
523;106;0.1859600662851
523;331;0.1733353459811
523;692;0.1683705368849
523;115;0.1632066848837
524;606;0.4195680007443
524;600;0.1430631862718
524;419;0.0995953782842
524;285;0.0983440819186
525;185;0.5383441945971
525;202;0.4657548590876
525;134;0.4348520133074
525;55;0.4327654295662
526;106;0.398902624686
526;5;0.3658638170007
526;114;0.3469312068121
526;628;0.2860760705323
527;5;0.4265667034585
527;93;0.2842564472425
527;106;0.2649231451419
527;127;0.2635872604783
528;6;1.0
528;16;1.0
528;529;1.0
528;630;0.0893314762528
529;6;1.0
529;528;1.0
529;16;1.0
529;630;0.0893314762528
530;548;0.3405471798552
530;553;0.2297820085685
530;386;0.129806876027
530;615;0.1248587252857
531;534;0.2935807776567
531;369;0.1099667052114
531;412;0.1006722829425
531;9;0.0964855744056
532;386;0.3013160207229
532;119;0.2869458400698
532;92;0.2595763656415
532;380;0.2312605731048
533;552;0.2811538206023
533;8;0.256286891047
533;26;0.2237407543165
533;311;0.1259496172159
534;531;0.2935807776567
534;386;0.1781940604259
534;92;0.166506779519
534;119;0.1434228123623
535;557;0.1513379194577
535;582;0.1178127918692
535;264;0.0990015337945
535;560;0.0977803070925
536;458;0.2597261906289
536;438;0.1883729838727
536;618;0.1716787439007
536;445;0.1525685581123
537;117;0.3236299359107
537;134;0.3142450100586
537;62;0.310402718471
537;67;0.2868974219338
538;634;0.2465986352839
538;562;0.2030438861694
538;161;0.1604491229224
538;180;0.1530809788835
539;755;0.1046035511417
539;221;0.0894808358485
539;623;0.089153435298
539;53;0.0829265123286
540;13;0.5411052698224
540;44;0.5013399678001
540;24;0.3284981973455
540;242;0.3173476922277
541;42;0.665944297587
541;14;0.451695547165
541;612;0.283738117866
541;673;0.1710881083548
542;311;0.1532002562807
542;615;0.1502452898604
542;357;0.1370744516824
542;345;0.127637669965
543;139;0.2160389926805
543;594;0.2130003761595
543;81;0.1907737222649
543;95;0.1806472394509
544;547;0.3835064090938
544;40;0.2790477116785
544;590;0.195500091576
544;22;0.1950687437974
545;756;1.0
545;345;0.1543142232799
545;15;0.1216731825
545;627;0.1169289352495
546;386;0.1455077624808
546;554;0.1396892661463
546;12;0.1230379662408
546;646;0.1212874850616
547;544;0.3835064090938
547;31;0.2493553926925
547;47;0.2473822491702
547;57;0.2390255942588
548;553;0.4905600559463
548;530;0.3405471798552
548;532;0.1641671300835
548;309;0.1633537946743
549;19;0.3873525455724
549;72;0.3420958253879
549;12;0.2785085659775
549;82;0.1873356737889
550;716;0.4070778351817
550;705;0.2661470112256
550;331;0.2650611953686
550;327;0.2210536779736
551;317;0.1822575215394
551;696;0.1683964210513
551;389;0.1566324752452
551;2;0.1531717708205
552;26;0.2920207436718
552;533;0.2811538206023
552;8;0.1996454961301
552;712;0.1850812522252
553;548;0.4905600559463
553;530;0.2297820085685
553;532;0.1790479786793
553;453;0.1702295111803
554;80;0.247535214547
554;91;0.236188396431
554;54;0.234502064626
554;120;0.1842096530852
555;580;0.2758846414045
555;120;0.2679884990101
555;593;0.2555198908287
555;91;0.2545153661915
556;50;0.4992988882806
556;576;0.2990363394327
556;574;0.1854046366187
556;129;0.1217509471161
557;386;0.1843527016482
557;92;0.1572294430223
557;535;0.1513379194577
557;615;0.1492851074999
558;497;0.1795807487333
558;452;0.166622858476
558;459;0.13505223973
558;737;0.1285067882716
559;30;0.3950228365914
559;560;0.3221781506233
559;41;0.2942850973614
559;2;0.1733668947784
560;41;0.536402398374
560;559;0.3221781506233
560;30;0.2761251963724
560;582;0.1596043147187
561;576;0.1034868300045
561;183;0.0974601112482
561;304;0.0864096603873
561;669;0.0853377887456
562;634;0.3046382163335
562;319;0.2757548808931
562;321;0.2740269989732
562;290;0.2151282668376
563;33;0.2206056191154
563;13;0.2095510258979
563;24;0.2046928467418
563;49;0.1995038481772
564;35;0.5375077284157
564;223;0.4023695155249
564;51;0.3993402322159
564;52;0.2954175603465
565;573;0.3178269776352
565;335;0.1923910544057
565;151;0.1702869478986
565;134;0.1582894297295
566;336;0.2304579992332
566;522;0.1750687023062
566;52;0.1736099652741
566;439;0.15829889603
567;43;0.558325023851
567;48;0.4826418006238
567;115;0.2569231880937
567;67;0.2309008027328
568;98;0.4987837099158
568;147;0.4626491894593
568;115;0.431218249171
568;76;0.4235908914513
569;396;0.1920828530288
569;728;0.1878654373039
569;372;0.1865426275409
569;155;0.1783161485307
570;133;0.1613584705389
570;187;0.1463696135184
570;739;0.130322079311
570;599;0.1243502384419
571;47;0.578786453886
571;31;0.5691926242937
571;57;0.4255529749327
571;22;0.3815575142718
572;264;0.2082952219532
572;469;0.1810464832481
572;256;0.1761132914188
572;205;0.1696161582061
573;565;0.3178269776352
573;88;0.2507542622701
573;134;0.235850288209
573;335;0.2310871805836
574;576;0.4691674690455
574;50;0.2727368598257
574;669;0.1862681120479
574;556;0.1854046366187
575;550;0.0988636731307
575;692;0.0821847817459
575;553;0.0820114046702
575;220;0.0812326407269
576;574;0.4691674690455
576;50;0.4000288398551
576;556;0.2990363394327
576;669;0.2266788145404
577;98;0.4467483193706
577;147;0.3867444568291
577;76;0.3778160514317
577;185;0.3642228803975
578;474;0.1224594638177
578;241;0.1195329594317
578;370;0.1139920462805
578;653;0.1118975482917
579;89;0.5242057714144
579;62;0.4806084763003
579;99;0.4587096762007
579;178;0.4005487154157
580;555;0.2758846414045
580;119;0.1840218342251
580;101;0.1625100493294
580;9;0.1470077696969
581;615;0.1558315612939
581;701;0.1517522173872
581;520;0.1515154050157
581;311;0.1414150773279
582;41;0.1771726891502
582;560;0.1596043147187
582;535;0.1178127918692
582;431;0.1173470386769
583;101;0.1204611277103
583;119;0.1083018975252
583;92;0.1053926956312
583;580;0.1052928116058
584;605;0.3370451503651
584;111;0.264052573631
584;129;0.2107295743084
584;515;0.2086220746797
585;63;0.3865299651535
585;665;0.1527954787554
585;584;0.1062975352314
585;715;0.0969286020904
586;615;0.2140402824522
586;46;0.1844670787868
586;3;0.1758045864556
586;4;0.1692861981383
587;651;0.2635491944488
587;311;0.1979403859138
587;615;0.1829489368857
587;598;0.1568366179705
588;640;0.2432897437162
588;491;0.1527156079736
588;638;0.1515052235119
588;754;0.1429593980471
589;64;0.4331605446831
589;73;0.3449701034767
589;754;0.3387018226906
589;473;0.2262238867516
590;544;0.195500091576
590;547;0.1841299166519
590;40;0.1397206209877
590;87;0.1174782176373
591;65;0.1793375162641
591;92;0.1152167746835
591;86;0.1061790565216
591;101;0.1016038368126
592;73;0.1699694736943
592;589;0.1605025596311
592;116;0.1539515206146
592;695;0.1400873818255
593;120;0.7269058109998
593;91;0.6196446257746
593;80;0.5436428679691
593;555;0.2555198908287
594;95;0.3429977711603
594;667;0.2748358624632
594;81;0.2719793140863
594;224;0.2643212806985
595;624;0.1223910603624
595;265;0.1145985771582
595;360;0.1117272123349
595;348;0.1105716858982
596;647;0.4347680465033
596;730;0.4139296277654
596;293;0.3340720309946
596;240;0.2844457635462
597;272;0.3680200620904
597;203;0.2712294356635
597;654;0.2532776958252
597;248;0.2349673040956
598;311;0.2182921018685
598;615;0.2007611019859
598;701;0.1914983893549
598;332;0.16708028151
599;467;0.3882216498921
599;187;0.3684496349679
599;739;0.3365941528252
599;444;0.3299857156233
600;107;0.3600741367949
600;467;0.2841931285402
600;159;0.2231444503044
600;465;0.2066579421944
601;67;0.2341691470865
601;286;0.2300788674106
601;205;0.2276396701681
601;62;0.2252884920653
602;672;0.334631733298
602;324;0.1694078686455
602;314;0.1291638822836
602;691;0.1019642753643
603;714;0.2579706447591
603;334;0.1504022207982
603;289;0.1475104290536
603;286;0.1238202475348
604;732;0.1123003587341
604;669;0.1110617354474
604;556;0.1076006226108
604;263;0.1017354686637
605;111;0.4010603259797
605;129;0.3868254643373
605;584;0.3370451503651
605;128;0.2575512986242
606;524;0.4195680007443
606;113;0.1007205763619
606;674;0.0997179488878
606;313;0.086888677076
607;402;0.2600938844408
607;188;0.1999625020182
607;183;0.1877614423464
607;422;0.1819665956525
608;115;0.3380367282735
608;141;0.2398042689164
608;88;0.2205953478204
608;117;0.2132719599374
609;115;0.3681971379215
609;100;0.2829353681369
609;76;0.2747982278778
609;108;0.2709431847778
610;363;0.254650777778
610;498;0.244498502631
610;745;0.2399501782664
610;426;0.2396842940532
611;61;0.3610424599377
611;62;0.3433975329714
611;89;0.3200343859655
611;579;0.3062749620008
612;541;0.283738117866
612;42;0.2475395926753
612;14;0.2230987662639
612;229;0.1773511502544
613;179;0.1081373894924
613;619;0.089742574628
613;551;0.0872356471265
613;351;0.0831812513168
614;36;0.1460292288509
614;566;0.1391167815844
614;9;0.1315786563225
614;336;0.1194246361062
615;641;0.2961846194844
615;311;0.2946282842803
615;402;0.2791731144655
615;256;0.2782468946158
616;525;0.1975246656887
616;134;0.1805351082293
616;77;0.1691219509181
616;108;0.1659827075402
617;115;0.2191367637431
617;608;0.2097500433807
617;117;0.1922803304345
617;141;0.1856830684375
618;253;0.2898943553567
618;635;0.2029574041574
618;249;0.1933341569762
618;445;0.1834646668119
619;560;0.1226284559142
619;367;0.1065158254783
619;551;0.1056440155588
619;501;0.1021084762033
620;227;0.3634977451201
620;255;0.3611913693444
620;215;0.331834050656
620;621;0.3134396179809
621;291;0.5794669997635
621;255;0.5566167785968
621;215;0.5289644785868
621;227;0.5101859676399
622;252;0.2699539308773
622;748;0.2574837603636
622;240;0.202411800476
622;262;0.192921457949
623;520;0.2845876193932
623;669;0.1536204799723
623;256;0.1524668301539
623;701;0.1500421313194
624;266;0.6023969450068
624;265;0.5920181340871
624;250;0.5673858606753
624;277;0.5501651866872
625;140;0.5069364777336
625;152;0.4201995880446
625;225;0.3997295675196
625;236;0.2547221562466
626;142;0.6164219198166
626;512;0.6124688108969
626;169;0.4944247779673
626;294;0.4703251061738
627;345;0.2638975148728
627;311;0.2385680316551
627;679;0.2191625692588
627;357;0.2172173605878
628;114;0.4996721029967
628;106;0.3329362794752
628;463;0.332380707016
628;156;0.3096691177623
629;172;0.3954803126922
629;221;0.3004415835761
629;184;0.2972046075877
629;196;0.2953857794487
630;298;0.3233088469657
630;635;0.2167916925785
630;306;0.2057158381703
630;399;0.1758267413152
631;97;0.5851876196799
631;172;0.4920311987401
631;184;0.4320675069099
631;145;0.4067910213564
632;718;0.3402816365051
632;177;0.3066744823381
632;148;0.3060376824715
632;160;0.2701751565905
633;192;0.3236748153917
633;150;0.3149610344494
633;180;0.3095434334614
633;216;0.3074944310375
634;562;0.3046382163335
634;321;0.2541240297128
634;538;0.2465986352839
634;161;0.2256126403053
635;298;0.4016237490345
635;306;0.3806718949594
635;328;0.3533721895135
635;177;0.3374288544589
636;363;0.1083832453178
636;466;0.1056434294846
636;745;0.1037471804183
636;492;0.1000031320496
637;286;0.2409512377738
637;79;0.1863533890188
637;155;0.1712036629728
637;448;0.1702003054855
638;491;0.3721782992676
638;505;0.277006825565
638;447;0.2520925165898
638;363;0.248055573322
639;757;1.0
639;140;0.2005040634361
639;152;0.1656078106207
639;225;0.1413775640141
640;588;0.2432897437162
640;262;0.1735336131451
640;748;0.1638813883625
640;259;0.1633872649889
641;685;0.411274365725
641;305;0.3728551260809
641;161;0.3003326824602
641;615;0.2961846194844
642;167;0.417164920961
642;62;0.3360319118457
642;77;0.3093831375312
642;335;0.295962383464
643;758;1.0
643;568;0.3983541427465
643;62;0.3827964297182
643;725;0.3803063084815
644;150;0.3026578604979
644;658;0.1998030451657
644;135;0.1912711389406
644;186;0.1902378394912
645;469;0.3080042358728
645;331;0.3002242169468
645;315;0.2983713922478
645;167;0.2848717892233
646;386;0.3183302089929
646;393;0.2804498149387
646;705;0.2631597670787
646;380;0.2488299938152
647;596;0.4347680465033
647;730;0.3521342556493
647;240;0.2869897958797
647;268;0.277345239487
648;241;0.2032769098946
648;384;0.1643107859848
648;373;0.1615845423586
648;483;0.1569274482668
649;717;0.4474957181518
649;199;0.4474957181518
649;166;0.3931865313876
649;241;0.3811556873816
650;216;0.5995217305505
650;173;0.4908436053499
650;168;0.4614982377694
650;190;0.4481770563558
651;587;0.2635491944488
651;311;0.1780163268034
651;615;0.1750275648384
651;532;0.1622948154003
652;110;0.220708293066
652;34;0.2173663752018
652;75;0.1858710139212
652;77;0.1532948219206
653;463;0.2128799066425
653;628;0.1992186776113
653;123;0.1668154719885
653;82;0.1506679618633
654;272;0.2854388328945
654;227;0.2540632359966
654;597;0.2532776958252
654;203;0.2442654765377
655;505;0.4540591729397
655;437;0.4340857064044
655;363;0.3817360576448
655;426;0.3815502026839
656;170;0.4877251702664
656;227;0.2459793597195
656;291;0.2139811799675
656;206;0.1973571253392
657;550;0.2173358783397
657;716;0.1923817747514
657;62;0.1760453031648
657;286;0.1691932259356
658;192;0.5571871012209
658;173;0.5489134811934
658;204;0.5461815907583
658;150;0.5433339532749
659;190;0.6993668276784
659;168;0.5370825095337
659;173;0.5162596058375
659;178;0.5135856533014
660;336;0.1399927202469
660;458;0.1292107615542
660;566;0.1211887598097
660;449;0.118101420526
661;202;0.3048828062714
661;185;0.2813987042338
661;234;0.2733554668746
661;223;0.2636206328446
662;170;0.3441955848899
662;291;0.2287930797952
662;678;0.2250979203908
662;206;0.2224672144061
663;234;0.4495885837571
663;223;0.4157982238855
663;228;0.3772881205186
663;661;0.2533560551241
664;512;0.2750902725192
664;626;0.2627023343521
664;333;0.2380815206861
664;294;0.2302126340448
665;585;0.1527954787554
665;63;0.1483554772638
665;337;0.1217037460106
665;476;0.0977934716079
666;694;1.0
666;334;0.2912000583047
666;566;0.1485473657624
666;21;0.1365267775267
667;95;0.6523455806466
667;224;0.4641125572098
667;594;0.2748358624632
667;81;0.2272446854973
668;669;0.2351875292126
668;18;0.1289311249275
668;304;0.1191954916229
668;270;0.1157467724048
669;68;0.2987715999002
669;364;0.2680962023062
669;668;0.2351875292126
669;576;0.2266788145404
670;229;0.6323159972596
670;215;0.5300679781266
670;255;0.5089777608904
670;287;0.5047159198554
671;683;0.2399545302368
671;229;0.2371915897069
671;279;0.2330864193925
671;287;0.2301244514145
672;602;0.334631733298
672;712;0.328930473298
672;366;0.2457178515062
672;379;0.2118666994466
673;649;0.2632250206659
673;717;0.25756165108
673;199;0.25756165108
673;241;0.2445776262065
674;113;0.125072259113
674;607;0.1208610713396
674;73;0.1191519227504
674;85;0.109945663941
675;319;0.6137783175277
675;285;0.5280793755855
675;624;0.5150587386627
675;342;0.4972832878779
676;138;0.2200904235626
676;154;0.1937242356929
676;718;0.1893718730654
676;632;0.1852723391616
677;206;0.3535230380389
677;670;0.3481544688707
677;255;0.3209883933484
677;291;0.3171048216132
678;291;0.594427587086
678;274;0.4353171736548
678;206;0.4206558399071
678;215;0.4161988101153
679;311;0.2991243819385
679;302;0.283740834702
679;357;0.2481924855775
679;627;0.2191625692588
680;718;0.1661606931691
680;676;0.164608440365
680;379;0.1469423891172
680;73;0.1455654479271
681;759;1.0
681;264;0.1150343215393
681;194;0.1044445830634
681;4;0.1031402893711
682;480;0.1516324960929
682;655;0.1395591908828
682;386;0.1248666004732
682;646;0.1234086259234
683;287;0.5297266897564
683;263;0.4740643633617
683;206;0.4168664155322
683;670;0.4088135647523
684;117;0.1644545239083
684;106;0.1378489311985
684;76;0.1374051482508
684;634;0.1340543750966
685;641;0.411274365725
685;338;0.356041312253
685;305;0.3354558670677
685;325;0.2958541050647
686;62;0.5178627030865
686;89;0.516029981779
686;163;0.4874436481816
686;99;0.4727139708872
687;729;0.0742275445096
687;548;0.0725368933911
687;530;0.0638454122462
687;15;0.061739462577
688;315;0.2415151511866
688;308;0.2406029427134
688;167;0.1954759245508
688;469;0.1915528885163
689;341;0.3609594971855
689;318;0.3587937292761
689;329;0.2745348353304
689;347;0.2569364234292
690;463;0.1574588262013
690;615;0.1522713493244
690;402;0.149913931059
690;692;0.1498130046968
691;324;0.3394705542553
691;38;0.2254227228771
691;314;0.1963879401909
691;712;0.1552881637312
692;331;0.3795483073056
692;327;0.3558276336921
692;315;0.3367300509441
692;719;0.3359962109491
693;261;0.2093101068481
693;11;0.1129577325055
693;60;0.0968266065202
693;553;0.0930840870134
694;666;1.0
694;334;0.2912000583047
694;566;0.1485473657624
694;21;0.1365267775267
695;753;0.3721848364588
695;505;0.3435951815233
695;750;0.3314076243569
695;745;0.309848845861
696;353;0.1903883438899
696;340;0.1885174687394
696;365;0.173090874333
696;551;0.1683964210513
697;718;0.4417868332201
697;709;0.4377908243501
697;710;0.436167335903
697;348;0.4090641312322
698;739;0.1835136480379
698;599;0.1832481049544
698;187;0.1820615361531
698;476;0.1796845840323
699;628;0.2811864759167
699;463;0.2148200591465
699;448;0.1937145942855
699;749;0.1823346206703
700;337;0.4159190161499
700;379;0.1775081424974
700;361;0.1684109027405
700;710;0.1516878006599
701;311;0.2396465940148
701;302;0.2342575567623
701;615;0.2338424218994
701;357;0.2208633970534
702;456;0.2813162019579
702;446;0.2613174139533
702;161;0.2611522261011
702;344;0.2544622484103
703;311;0.1940535493367
703;357;0.1831627313596
703;615;0.1641712798666
703;701;0.1486463833363
704;189;0.46228026133
704;412;0.4526023659005
704;161;0.417455773511
704;356;0.3783909380468
705;327;0.4408457407276
705;383;0.4261836673829
705;405;0.4230451187237
705;382;0.4040730804275
706;719;0.5300007991964
706;383;0.4240847994056
706;368;0.4220931916512
706;382;0.4096448375051
707;358;0.3130810889986
707;405;0.243447752215
707;382;0.2206294340058
707;706;0.206615145883
708;711;0.5013022190335
708;359;0.4273987912406
708;346;0.3192907698241
708;362;0.2775158470454
709;718;0.5732674533755
709;348;0.5446684973536
709;360;0.5028947290536
709;710;0.462093910312
710;718;0.6856469214481
710;361;0.6428948468724
710;726;0.4973770968062
710;709;0.462093910312
711;708;0.5013022190335
711;346;0.3526232790488
711;359;0.3073322138466
711;362;0.2495139643731
712;366;0.7911235969318
712;379;0.5300679764253
712;672;0.328930473298
712;593;0.2434739327728
713;169;0.3215055285498
713;294;0.3141443597346
713;142;0.29939338759
713;512;0.2827754583
714;469;0.3725879754706
714;256;0.3669244340221
714;371;0.336389840694
714;247;0.3333195005178
715;372;0.5943164508403
715;406;0.4403119958511
715;396;0.4186673301636
715;229;0.2193304275647
716;550;0.4070778351817
716;331;0.3140669883095
716;308;0.312417271336
716;719;0.3033718226924
717;199;1.0
717;649;0.4474957181518
717;241;0.4403071578764
717;166;0.2810034032922
718;710;0.6856469214481
718;709;0.5732674533755
718;361;0.5546362010519
718;726;0.5296881575719
719;383;0.5886468427228
719;706;0.5300007991964
719;382;0.4559871991475
719;405;0.4472017811886
720;387;0.4606848349705
720;352;0.4305972805012
720;338;0.3996653866715
720;351;0.3893810829954
721;364;0.2968165243183
721;340;0.2556967517925
721;317;0.2520168142518
721;376;0.2377999477885
722;401;0.5659744379605
722;390;0.4121664299715
722;410;0.3704770443921
722;386;0.2380108109318
723;391;0.6646664838283
723;387;0.5515378312144
723;432;0.5046126898872
723;450;0.5001032555661
724;309;0.2261745305297
724;311;0.1800220110715
724;136;0.1742642369017
724;15;0.1741958175118
725;643;0.3803063084815
725;758;0.3803063084815
725;163;0.3575311538093
725;143;0.3386722706791
726;718;0.5296881575719
726;727;0.5097909650888
726;710;0.4973770968062
726;395;0.435076325296
727;726;0.5097909650888
727;718;0.4777212816239
727;710;0.4399118489808
727;360;0.376029986287
728;397;0.407584066427
728;469;0.3674367191185
728;448;0.360825375859
728;256;0.3488196013891
729;402;0.4439146068934
729;351;0.2827995619998
729;352;0.2298162260943
729;398;0.2241634688515
730;596;0.4139296277654
730;647;0.3521342556493
730;240;0.3007597933632
730;293;0.2988434650444
731;422;0.6121528096761
731;433;0.5463434465846
731;402;0.3877213089074
731;462;0.3590812023174
732;263;0.2054276135852
732;288;0.1887640173164
732;683;0.1824826337267
732;695;0.1753349770285
733;466;0.2951168343885
733;742;0.2722445643789
733;484;0.2668236845776
733;509;0.2510822013179
734;439;0.3756620292593
734;420;0.356908377198
734;399;0.2645927770866
734;408;0.2468685594091
735;440;0.4134419713056
735;450;0.4071522730595
735;738;0.3896829660766
735;441;0.3824134814889
736;760;1.0
736;424;0.3878443612244
736;392;0.3199699439162
736;416;0.3198131445364
737;472;0.5372123752757
737;738;0.5056173246645
737;490;0.3934142382475
737;443;0.3924244872979
738;737;0.5056173246645
738;455;0.4142653408807
738;472;0.3919749089522
738;735;0.3896829660766
739;467;0.4549457083691
739;187;0.4003030951161
739;476;0.3872966379264
739;465;0.3623486788454
740;481;0.6049531255874
740;490;0.4303544894612
740;422;0.4117694596081
740;433;0.3958718331781
741;761;1.0
741;438;0.2124660195659
741;753;0.1892977454687
741;505;0.1826145094065
742;749;0.3984416131844
742;485;0.2936965874946
742;509;0.2922544779029
742;493;0.2746142685287
743;750;0.482572943068
743;426;0.3877044134282
743;429;0.3828713633837
743;492;0.3765827411622
744;503;0.636220671702
744;488;0.5147829086223
744;495;0.4569208885026
744;456;0.3675665225831
745;484;0.4803185511485
745;426;0.4362022193436
745;424;0.4249692670625
745;453;0.423086588359
746;747;0.6467552685712
746;499;0.55232908365
746;491;0.2920595034831
746;375;0.2668609591206
747;746;0.6467552685712
747;499;0.6095161798369
747;375;0.3017539582299
747;491;0.2691412848759
748;622;0.2574837603636
748;252;0.2492706093612
748;262;0.2388024603234
748;293;0.2365421109952
749;485;0.6038453481968
749;501;0.5453387948304
749;466;0.5159406256048
749;493;0.4662897030315
750;743;0.482572943068
750;484;0.4298533115306
750;745;0.4203922959947
750;505;0.4053549503419
751;477;0.3095718570981
751;503;0.2986524108803
751;456;0.29420261082
751;744;0.2664369024029
752;504;0.6339532185373
752;480;0.2681419270133
752;259;0.2572493832381
752;177;0.2499295861976
753;505;0.4705310471835
753;695;0.3721848364588
753;745;0.3716663570631
753;426;0.3573140423431
754;64;0.495271670308
754;73;0.4775123412046
754;505;0.4100451165396
754;492;0.3641997565159
755;57;0.3624353425753
755;47;0.2688901748023
755;571;0.241536840601
755;31;0.2018805162316
756;545;1.0
756;345;0.1543142232799
756;15;0.1216731825
756;627;0.1169289352495
757;639;1.0
757;140;0.2005040634361
757;152;0.1656078106207
757;225;0.1413775640141
758;643;1.0
758;568;0.3983541427465
758;62;0.3827964297182
758;725;0.3803063084815
759;681;1.0
759;264;0.1150343215393
759;194;0.1044445830634
759;4;0.1031402893711
760;736;1.0
760;424;0.3878443612244
760;392;0.3199699439162
760;416;0.3198131445364
761;741;1.0
761;438;0.2124660195659
761;753;0.1892977454687
761;505;0.1826145094065
